{"Accuracy": 0.8305084745762712, "Precision": 0.7794117647058824, "Recall": 0.9137931034482759, "F1-score": 0.8412698412698414}